{"cameraMode":{"drawMode":0,"name":"Shaded","section":"Shading Mode"},"sceneLighting":true,"audioPlay":false,"sceneViewState":{"m_AlwaysRefresh":false,"showFog":true,"showSkybox":false,"showFlares":true,"showImageEffects":true,"showParticleSystems":true,"showVisualEffectGraphs":true,"m_FxEnabled":false},"in2DMode":false,"pivot":{"x":603.1114501953125,"y":26.732723236083986,"z":411.23565673828127},"rotation":{"x":0.04908629506826401,"y":-0.09077060967683792,"z":0.0044749220833182339,"w":0.9946601986885071},"size":2.039891242980957,"orthographic":false}