{"cameraMode":{"drawMode":0,"name":"Shaded","section":"Shading Mode"},"sceneLighting":true,"audioPlay":false,"sceneViewState":{"m_AlwaysRefresh":false,"showFog":true,"showSkybox":false,"showFlares":true,"showImageEffects":true,"showParticleSystems":true,"showVisualEffectGraphs":true,"m_FxEnabled":true},"in2DMode":false,"pivot":{"x":479.11419677734377,"y":11.456928253173829,"z":406.6449279785156},"rotation":{"x":0.17222654819488526,"y":-0.7866886854171753,"z":0.25307610630989077,"w":0.5362094044685364},"size":12.12435531616211,"orthographic":false}