{"cameraMode":{"drawMode":0,"name":"Shaded","section":"Shading Mode"},"sceneLighting":true,"audioPlay":false,"sceneViewState":{"m_AlwaysRefresh":false,"showFog":true,"showSkybox":false,"showFlares":true,"showImageEffects":true,"showParticleSystems":true,"showVisualEffectGraphs":true,"m_FxEnabled":false},"in2DMode":false,"pivot":{"x":488.51336669921877,"y":22.035741806030275,"z":370.8244323730469},"rotation":{"x":0.11812277138233185,"y":-0.6655373573303223,"z":0.10767075419425965,"w":0.7291371822357178},"size":3.6073946952819826,"orthographic":false}