{"cameraMode":{"drawMode":0,"name":"Shaded","section":"Shading Mode"},"sceneLighting":true,"audioPlay":false,"sceneViewState":{"m_AlwaysRefresh":false,"showFog":true,"showSkybox":false,"showFlares":true,"showImageEffects":true,"showParticleSystems":true,"showVisualEffectGraphs":true,"m_FxEnabled":true},"in2DMode":false,"pivot":{"x":489.3853454589844,"y":11.405511856079102,"z":354.94451904296877},"rotation":{"x":0.07047820091247559,"y":-0.881415843963623,"z":0.1394776552915573,"w":0.44584891200065615},"size":24.280973434448243,"orthographic":false}