{"cameraMode":{"drawMode":0,"name":"Shaded","section":"Shading Mode"},"sceneLighting":true,"audioPlay":false,"sceneViewState":{"m_AlwaysRefresh":false,"showFog":true,"showSkybox":false,"showFlares":true,"showImageEffects":true,"showParticleSystems":true,"showVisualEffectGraphs":true,"m_FxEnabled":true},"in2DMode":false,"pivot":{"x":520.3704223632813,"y":10.224875450134278,"z":349.8062438964844},"rotation":{"x":-0.016666343435645105,"y":0.9750363230705261,"z":-0.20722098648548127,"w":-0.07855628430843353},"size":15.664239883422852,"orthographic":false}