{"cameraMode":{"drawMode":0,"name":"Shaded","section":"Shading Mode"},"sceneLighting":true,"audioPlay":false,"sceneViewState":{"m_AlwaysRefresh":false,"showFog":true,"showSkybox":false,"showFlares":true,"showImageEffects":true,"showParticleSystems":true,"showVisualEffectGraphs":true,"m_FxEnabled":true},"in2DMode":false,"pivot":{"x":507.8284606933594,"y":13.642303466796875,"z":395.46405029296877},"rotation":{"x":-0.013873977586627007,"y":0.9850302338600159,"z":-0.14703072607517243,"w":-0.09029486030340195},"size":10.449999809265137,"orthographic":false}