{"cameraMode":{"drawMode":0,"name":"Shaded","section":"Shading Mode"},"sceneLighting":true,"audioPlay":false,"sceneViewState":{"m_AlwaysRefresh":false,"showFog":true,"showSkybox":false,"showFlares":true,"showImageEffects":true,"showParticleSystems":true,"showVisualEffectGraphs":true,"m_FxEnabled":false},"in2DMode":false,"pivot":{"x":472.20001220703127,"y":25.190000534057618,"z":168.38999938964845},"rotation":{"x":0.16604216396808625,"y":-0.8339414596557617,"z":0.38022562861442568,"w":0.36400535702705386},"size":7.466984272003174,"orthographic":false}