{"cameraMode":{"drawMode":0,"name":"Shaded","section":"Shading Mode"},"sceneLighting":true,"audioPlay":false,"sceneViewState":{"m_AlwaysRefresh":false,"showFog":true,"showSkybox":false,"showFlares":true,"showImageEffects":true,"showParticleSystems":true,"showVisualEffectGraphs":true,"m_FxEnabled":true},"in2DMode":false,"pivot":{"x":525.1340942382813,"y":22.714820861816408,"z":372.90667724609377},"rotation":{"x":0.12003114819526673,"y":-0.7735031843185425,"z":0.15364472568035127,"w":0.6032381057739258},"size":1.7660253047943116,"orthographic":false}