{"cameraMode":{"drawMode":0,"name":"Shaded","section":"Shading Mode"},"sceneLighting":true,"audioPlay":false,"sceneViewState":{"m_AlwaysRefresh":false,"showFog":true,"showSkybox":false,"showFlares":true,"showImageEffects":true,"showParticleSystems":true,"showVisualEffectGraphs":true,"m_FxEnabled":false},"in2DMode":false,"pivot":{"x":384.18316650390627,"y":26.875383377075197,"z":657.5220947265625},"rotation":{"x":-0.04250599816441536,"y":0.46285808086395266,"z":-0.022266337648034097,"w":-0.8851819634437561},"size":1.6645723581314088,"orthographic":false}